NetworkId,AuthorId,PublicationId,Year
26,151155029,1991049437,2003
714,2619562151,2081438702,2003
295,2122065196,75824957,2003
116,1958349758,2058945027,2003
290,2119748376,2058945027,2003
131,1982184149,2081438702,2003
242,2104250373,2081438702,2003
354,2143110566,2148797410,2003
447,2183569139,2148797410,2003
729,2631506828,2148797410,2003
312,2127347012,2081438702,2003
424,2167097393,2058945027,2003
176,2036914667,1991049437,2003
426,2168007699,141178354,2004
677,2598651457,2594096449,2004
193,2058183990,2077382305,2004
242,2104250373,141178354,2004
557,2398500202,2157247678,2004
714,2619562151,141178354,2004
116,1958349758,2186970589,2004
424,2167097393,2186970589,2004
193,2058183990,2917471711,2004
162,2016058877,2917471711,2004
41,252819215,2917471711,2004
547,2345352129,2186970589,2004
667,2593615101,2594096449,2004
92,1663406023,2023216257,2004
237,2103089191,2594096449,2004
741,2646588658,2023216257,2004
356,2144346919,2594096449,2004
190,2053481408,2040889750,2004
278,2115280472,2040889750,2004
206,2072781510,2023216257,2004
424,2167097393,2086672633,2005
83,1343320112,2613134743,2005
482,2251261744,2613134743,2005
744,2651045609,1583971066,2005
326,2131339746,2086672633,2005
212,2088870278,2086672633,2005
116,1958349758,2086672633,2005
547,2345352129,2086672633,2005
804,2723366132,2492841122,2005
557,2398500202,1965107345,2005
785,2692471949,2096582896,2005
763,2671381104,2096582896,2005
740,2645521448,2096582896,2005
723,2627519896,2096582896,2005
661,2586508704,2096582896,2005
557,2398500202,2096582896,2005
356,2144346919,2594912664,2005
411,2161661383,2594912664,2005
666,2593122818,2594912664,2005
677,2598651457,2594912664,2005
970,3133603448,2594912664,2005
547,2345352129,2096582896,2005
304,2125072794,2096582896,2005
212,2088870278,2096582896,2005
116,1958349758,2096582896,2005
733,2636397132,1583971066,2005
424,2167097393,2096582896,2005
295,2122065196,2076113539,2005
26,151155029,1987534390,2005
919,2970779527,2735386739,2005
190,2053481408,2736076540,2005
197,2060112289,2736076540,2005
411,2161661383,2736076540,2005
111,1930904789,1583971066,2005
849,2792697733,2492841122,2005
614,2514294625,2244732202,2005
193,2058183990,2244732202,2005
85,1459411903,2014704677,2005
137,1988411310,2014704677,2005
517,2303361199,2014704677,2005
706,2615665045,2244732202,2005
916,2970063226,2735386739,2005
918,2970707962,2735386739,2005
274,2114416233,96392772,2005
176,2036914667,1987534390,2005
503,2276880987,2686377191,2005
719,2625075936,2686377191,2005
194,2059196163,2686377191,2005
113,1940731031,2686377191,2005
58,386376997,2492841122,2005
116,1958349758,1989859713,2005
424,2167097393,1989859713,2005
238,2103470273,96392772,2005
848,2792214781,2492841122,2005
199,2062298088,2101407448,2005
547,2345352129,1989859713,2005
582,2473694256,2614891545,2005
188,2050692601,2614891545,2005
547,2345352129,2108672331,2006
424,2167097393,2186451362,2006
116,1958349758,2186451362,2006
153,2000910484,2018148378,2006
257,2109508545,2186451362,2006
424,2167097393,2108672331,2006
489,2257998911,1981723444,2006
116,1958349758,2108672331,2006
219,2097435325,2018148378,2006
340,2138219017,2018148378,2006
623,2530197478,2018148378,2006
795,2712543484,2018148378,2006
516,2301080963,2038326973,2006
557,2398500202,2038326973,2006
76,1215097206,2041641604,2006
209,2085687414,2041641604,2006
351,2141918539,2041641604,2006
578,2468003812,2041641604,2006
601,2497819054,2041641604,2006
636,2559017196,2041641604,2006
116,1958349758,2058877522,2006
265,2112180440,2071818443,2006
295,2122065196,2071818443,2006
205,2072608644,1981723444,2006
90,1636145280,1981723444,2006
193,2058183990,2090805943,2006
101,1801286119,2091195422,2006
199,2062298088,2091195422,2006
295,2122065196,1966733052,2006
2,15232934,1966733052,2006
111,1930904789,2095099929,2006
301,2124359343,2108672331,2006
547,2345352129,2186451362,2006
90,1636145280,2018148378,2006
556,2381022612,2775384779,2006
582,2473694256,2775384779,2006
455,2201205766,2614886817,2006
188,2050692601,2775384779,2006
112,1938848829,2775384779,2006
668,2594385766,2594058811,2006
664,2592050690,2594058811,2006
411,2161661383,2594058811,2006
197,2060112289,2594058811,2006
219,2097435325,2587216311,2006
45,266871166,2594058811,2006
565,2422883807,2592565443,2006
759,2669270878,2587216311,2006
748,2655810595,2587216311,2006
743,2647838400,2587216311,2006
662,2586949083,2587216311,2006
653,2568739552,253939971,2006
557,2398500202,253939971,2006
295,2122065196,253939971,2006
749,2656068086,2592565443,2006
603,2501958653,2587216311,2006
684,2602013582,2614886817,2006
610,2507455473,2899255658,2006
646,2563994924,2899255658,2006
878,2899314414,2899255658,2006
295,2122065196,2482021899,2006
557,2398500202,2978854943,2006
610,2507455473,2186451362,2006
188,2050692601,2611567586,2006
87,1493551498,2611567586,2006
582,2473694256,2611567586,2006
730,2632464421,2611567586,2006
541,2339539115,2587216311,2006
344,2140120644,1973491230,2007
805,2723540919,2613774713,2007
453,2200705417,628475466,2007
116,1958349758,1979124584,2007
523,2305944075,1979124584,2007
445,2181973962,2082591812,2007
742,2647488489,2613774713,2007
354,2143110566,2613774713,2007
42,254529698,2082591812,2007
324,2129553444,2082591812,2007
102,1809648712,291766218,2007
300,2123940098,291766218,2007
345,2140449765,2082591812,2007
405,2159357506,291766218,2007
353,2142916377,628475466,2007
67,689186489,2475481538,2007
547,2345352129,2617167596,2007
399,2156740543,2079038530,2007
582,2473694256,2623248709,2007
401,2157221179,2911537593,2007
242,2104250373,32478819,2007
333,2135110850,2911537593,2007
448,2185418450,2025918804,2007
113,1940731031,2025918804,2007
242,2104250373,2059694956,2007
485,2252205290,12259815,2007
363,2145600298,12259815,2007
251,2106668899,12259815,2007
83,1343320112,12259815,2007
54,326967685,12259815,2007
888,2913127108,2911537593,2007
482,2251261744,12259815,2007
714,2619562151,2059694956,2007
116,1958349758,2060470254,2007
572,2441660879,2060470254,2007
292,2120458397,2079038530,2007
82,1257729924,2079038530,2007
212,2088870278,2617167596,2007
424,2167097393,2617167596,2007
966,3113728199,1967871120,2007
610,2507455473,2617167596,2007
475,2241385459,2071410515,2007
188,2050692601,2623248709,2007
289,2119368384,2623248709,2007
798,2715383781,2062168689,2007
295,2122065196,2062168689,2007
82,1257729924,1992696989,2007
292,2120458397,1992696989,2007
399,2156740543,1992696989,2007
436,2170393678,1992696989,2007
116,1958349758,2617167596,2007
603,2501958653,1967871120,2007
937,2986121241,1973491230,2007
470,2232166977,1967871120,2007
305,2125393780,2130017810,2007
509,2292480150,2130017810,2007
921,2973273509,2130017810,2007
229,2100410148,2130502436,2007
357,2144563920,2130502436,2007
140,1989952256,2130502436,2007
541,2339539115,1967871120,2007
113,1940731031,2133592504,2007
503,2276880987,2133592504,2007
915,2966446403,1651457188,2007
346,2140716897,1651457188,2007
223,2098824219,2134267121,2007
275,2114436856,2134267121,2007
526,2307579553,2134267121,2007
15,78915436,2138917348,2007
42,254529698,2138917348,2007
225,2099694981,2138917348,2007
324,2129553444,2138917348,2007
345,2140449765,2138917348,2007
202,2067754752,2144608052,2007
365,2146893927,2144608052,2007
422,2166103127,2144608052,2007
526,2307579553,2488023218,2007
275,2114436856,2488023218,2007
84,1428443484,2488023218,2007
557,2398500202,2476321045,2007
167,2026613717,2130017810,2007
78,1222050478,2130017810,2007
481,2251154788,2144608052,2007
504,2277739274,2123168773,2007
82,1257729924,2095075487,2007
292,2120458397,2095075487,2007
51,316137364,2130017810,2007
424,2167097393,2610887783,2007
399,2156740543,2095075487,2007
116,1958349758,2610887783,2007
694,2608345671,2095075487,2007
777,2682544966,2095075487,2007
610,2507455473,2603646149,2007
547,2345352129,2603646149,2007
424,2167097393,2603646149,2007
257,2109508545,2603646149,2007
212,2088870278,2603646149,2007
116,1958349758,2603646149,2007
547,2345352129,2610887783,2007
120,1967180460,2109120743,2007
182,2042141023,2109120743,2007
924,2973653704,2109120743,2007
82,1257729924,2123168773,2007
219,2097435325,1967871120,2007
90,1636145280,1967871120,2007
29,166330196,2109120743,2007
117,1961336676,2039839186,2008
82,1257729924,2039839186,2008
288,2119155579,2154642700,2008
102,1809648712,2496731255,2008
440,2172106865,2169616320,2008
351,2141918539,2169616320,2008
311,2126892707,2154642700,2008
76,1215097206,2169616320,2008
475,2241385459,2154642700,2008
970,3133603448,2161749311,2008
677,2598651457,2161749311,2008
356,2144346919,2161749311,2008
294,2121880025,2161749311,2008
292,2120458397,2039839186,2008
399,2156740543,2039839186,2008
113,1940731031,2758487339,2008
57,355384540,2154642700,2008
694,2608345671,2078483132,2008
399,2156740543,2078483132,2008
292,2120458397,2078483132,2008
117,1961336676,2078483132,2008
82,1257729924,2078483132,2008
95,1719983759,2079846758,2008
199,2062298088,2079846758,2008
715,2619959442,2074155770,2008
202,2067754752,2074155770,2008
567,2424014445,2064606555,2008
803,2722206854,2612082277,2008
188,2050692601,2731525691,2008
582,2473694256,2731525691,2008
548,2346072049,2758487339,2008
503,2276880987,2758487339,2008
491,2259165646,2612082277,2008
21,122506583,2612082277,2008
300,2123940098,2496731255,2008
694,2608345671,2039839186,2008
214,2093839074,2064606555,2008
23,141713694,6005923,2008
714,2619562151,2005121262,2008
312,2127347012,2005121262,2008
242,2104250373,2005121262,2008
685,2602304884,609068420,2008
659,2583509683,1966137604,2008
449,2190080880,6005923,2008
131,1982184149,2005121262,2008
333,2135110850,1966137604,2008
746,2653387564,961967439,2008
581,2473463041,6005923,2008
976,3171445186,1966137604,2008
724,2628406640,961967439,2008
300,2123940098,2127211885,2009
553,2358663456,2551204900,2009
317,2128026523,2113210612,2009
752,2657609215,1593193367,2009
344,2140120644,1593193367,2009
207,2076316753,1593193367,2009
524,2306439940,2039710316,2009
418,2164137528,2039710316,2009
119,1966826163,2039710316,2009
245,2104697110,2551204900,2009
76,1215097206,2127211885,2009
412,2162519689,2102614574,2009
401,2157221179,1989314239,2009
811,2729136458,66821092,2009
692,2606588477,66821092,2009
690,2606047635,66821092,2009
659,2583509683,2063380934,2009
333,2135110850,2063380934,2009
36,218688074,2063380934,2009
33,191607567,2237842677,2009
352,2142607377,2237842677,2009
554,2363739712,2237842677,2009
369,2148529808,2102614574,2009
503,2276880987,2617217192,2009
320,2128448257,2617217192,2009
6,41207434,2617217192,2009
838,2780778578,2186039996,2009
307,2125828514,2186039996,2009
333,2135110850,1989314239,2009
395,2156255579,2113210612,2009
55,343426930,2113210612,2009
334,2135259394,2023059180,2009
245,2104697110,2390258118,2009
553,2358663456,2390258118,2009
168,2028469872,1593193367,2009
27,161593142,2102614574,2009
432,2169643998,2028169417,2009
56,349430055,2028169417,2009
116,1958349758,2020729859,2009
249,2106158877,2020729859,2009
675,2598454787,2020729859,2009
202,2067754752,2014651090,2009
183,2043279835,2014651090,2009
796,2713167710,2023059180,2009
452,2194169123,2612651932,2010
557,2398500202,188639379,2010
721,2625705683,2612274471,2010
610,2507455473,2134409731,2010
134,1985899296,2617153450,2010
925,2973712686,2113680867,2010
460,2218857294,2504521303,2010
332,2134458403,1990999662,2010
624,2547270484,2617153450,2010
307,2125828514,2621274521,2010
59,403251530,2117263543,2010
838,2780778578,2621274521,2010
372,2149674073,1141684264,2010
319,2128326956,1990999662,2010
384,2152738869,2504521303,2010
93,1665081160,2504521303,2010
5,39964958,2503766126,2010
476,2245268062,1141684264,2010
143,1994882702,2117263543,2010
733,2636397132,1496976698,2010
71,1118227787,1496976698,2010
958,3052059465,1141684264,2010
14,78364912,2612651932,2010
479,2250644932,106409666,2010
423,2166376958,2612651932,2010
5,39964958,1990999662,2010
5,39964958,2507087909,2010
721,2625705683,2612651932,2010
76,1215097206,1977607547,2010
246,2105216374,2164695065,2010
134,1985899296,2615773570,2010
627,2549463126,1990999662,2010
501,2273893292,2164695065,2010
308,2126350712,2613267033,2010
352,2142607377,2613267033,2010
389,2155300725,2613267033,2010
431,2169508784,2613267033,2010
507,2284472405,2164695065,2010
689,2605461867,2164695065,2010
221,2097881291,1141684264,2010
14,78364912,2612274471,2010
423,2166376958,2612274471,2010
452,2194169123,2612274471,2010
243,2104315591,2164695065,2010
713,2618702420,2504521303,2010
292,2120458397,2550196179,2010
158,2009826892,2615773570,2010
291,2120083236,1977607547,2010
412,2162519689,2113680867,2010
27,161593142,2113680867,2010
586,2480249997,2580916631,2010
211,2088125271,2580916631,2010
14,78364912,2529583907,2010
136,1986898914,2529583907,2010
149,1997767565,2580916631,2010
82,1257729924,2550196179,2010
117,1961336676,2550196179,2010
150,1999187860,2550196179,2010
327,2131595403,1141684264,2010
119,1966826163,2164695065,2010
154,2003410570,2164695065,2010
255,2109356130,2550196179,2010
295,2122065196,1988107442,2010
783,2691023195,2495200487,2010
705,2614875949,2621274521,2010
452,2194169123,2734432476,2010
646,2563994924,2027305600,2010
3,28949107,3022304875,2010
12,70032249,2033620624,2010
151,1999302880,2033620624,2010
260,2110692970,2033620624,2010
269,2113436029,2033620624,2010
273,2114369888,2033620624,2010
529,2309870039,2033620624,2010
787,2697538039,2033620624,2010
332,2134458403,2295364771,2010
319,2128326956,2295364771,2010
5,39964958,2295364771,2010
608,2505542151,2472940054,2010
449,2190080880,2000713095,2010
14,78364912,2734432476,2010
734,2636812259,2472940054,2010
467,2228628952,1802066388,2010
610,2507455473,2027305600,2010
542,2340617115,1802066388,2010
547,2345352129,2027305600,2010
257,2109508545,2027305600,2010
33,191607567,2466023948,2010
352,2142607377,2466023948,2010
512,2295978737,2466023948,2010
314,2127810971,2468679082,2010
657,2580476687,2468679082,2010
979,3176041188,3022304875,2010
975,3168719505,2295364771,2010
627,2549463126,2295364771,2010
949,3021177905,3022304875,2010
939,2989996183,3022304875,2010
750,2656172807,3022304875,2010
535,2322729755,3022304875,2010
293,2120670537,3022304875,2010
220,2097746944,3022304875,2010
192,2055694948,3022304875,2010
179,2039382851,3022304875,2010
116,1958349758,2027305600,2010
424,2167097393,2027305600,2010
222,2097985379,2996524459,2010
23,141713694,2000713095,2010
116,1958349758,2000029910,2010
359,2144772734,2056796790,2010
202,2067754752,2996524459,2010
348,2140932036,8112120,2010
422,2166103127,8112120,2010
481,2251154788,8112120,2010
16,80964880,2495200487,2010
262,2111033965,2495200487,2010
276,2115177649,2495200487,2010
203,2070283337,35758529,2010
30,168654992,2056796790,2010
605,2503246285,2495200487,2010
767,2672734080,2495200487,2010
547,2345352129,2134409731,2010
459,2215692108,2117263543,2010
387,2153904071,2117263543,2010
719,2625075936,2742785560,2010
776,2681423309,2495200487,2010
721,2625705683,2734432476,2010
585,2478999165,2495200487,2010
657,2580476687,2494955873,2010
235,2101959038,8112120,2010
710,2617598274,2491486925,2010
746,2653387564,2126364451,2010
421,2165926699,2126364451,2010
58,386376997,2045156660,2010
804,2723366132,2045156660,2010
849,2792697733,2045156660,2010
116,1958349758,2134409731,2010
848,2792214781,2045156660,2010
135,1986397369,2742785560,2010
583,2475759418,2491486925,2010
589,2482214364,2491486925,2010
595,2490952571,2491486925,2010
596,2491240952,2491486925,2010
424,2167097393,2134409731,2010
212,2088870278,2134409731,2010
685,2602304884,1802066388,2010
746,2653387564,1802066388,2010
150,1999187860,2132550945,2011
255,2109356130,2132550945,2011
374,2149841138,2132550945,2011
566,2423310219,2132550945,2011
650,2566273257,2132550945,2011
394,2155879892,2140000731,2011
188,2050692601,2609764586,2011
244,2104446911,2133448733,2011
74,1185511109,2140000731,2011
116,1958349758,2140000731,2011
368,2148094133,2140000731,2011
199,2062298088,2133448733,2011
226,2099947941,2609764586,2011
780,2685340056,2110213069,2011
449,2190080880,1509627195,2011
168,2028469872,1545659942,2011
128,1979681974,1545659942,2011
149,1997767565,2260084776,2011
211,2088125271,2260084776,2011
488,2256500699,2260084776,2011
586,2480249997,2260084776,2011
940,2993258773,2489089210,2011
783,2691023195,2489089210,2011
776,2681423309,2489089210,2011
767,2672734080,2489089210,2011
276,2115177649,2489089210,2011
262,2111033965,2489089210,2011
16,80964880,2489089210,2011
181,2041388381,1529491534,2011
383,2152623631,1529491534,2011
806,2724013551,1529491534,2011
204,2071273909,2472089114,2011
158,2009826892,2401781608,2011
134,1985899296,2401781608,2011
586,2480249997,2395472943,2011
484,2252142763,2395472943,2011
211,2088125271,2395472943,2011
149,1997767565,2395472943,2011
207,2076316753,1545659942,2011
23,141713694,1509627195,2011
367,2147840436,2609764586,2011
784,2691688869,2565771448,2011
760,2669953156,2565771448,2011
727,2629498337,2565771448,2011
649,2566267202,2565771448,2011
644,2563875823,2565771448,2011
641,2562508821,2565771448,2011
792,2708404000,2562766371,2011
695,2609424745,2562766371,2011
688,2605427282,2562766371,2011
577,2467132314,2562766371,2011
465,2224156275,2562766371,2011
464,2223838025,2562766371,2011
396,2156330036,2562766371,2011
366,2147026269,2562766371,2011
170,2030142669,2562766371,2011
634,2555323866,2556526409,2011
631,2553007968,2556526409,2011
375,2149893918,2525227385,2011
715,2619959442,1548444287,2011
202,2067754752,1548444287,2011
737,2641844850,1545659942,2011
428,2168388852,1545659942,2011
344,2140120644,1545659942,2011
433,2169691832,2609764586,2011
714,2619562151,2330681858,2011
106,1864273671,1766882528,2011
488,2256500699,2750644320,2011
586,2480249997,2750644320,2011
685,2602304884,18236153,2011
351,2141918539,383135094,2011
704,2614013573,2613063338,2011
136,1986898914,2613063338,2011
14,78364912,2613063338,2011
648,2565718871,1881854520,2011
471,2235879547,1881854520,2011
449,2190080880,1881854520,2011
382,2152224442,1881854520,2011
185,2046261845,1881854520,2011
936,2984925055,2988224507,2011
134,1985899296,2054901346,2011
505,2279239303,2053340132,2011
201,2062726692,2053340132,2011
189,2051318277,2053340132,2011
76,1215097206,383135094,2011
290,2119748376,2613217466,2011
590,2482354702,2613217466,2011
794,2711345933,2613217466,2011
53,323845336,1990711990,2011
177,2036977769,1990711990,2011
338,2136796385,1990711990,2011
564,2421094468,1990711990,2011
570,2433361423,1990711990,2011
720,2625348782,1990711990,2011
725,2628695718,1990711990,2011
793,2709121774,1990711990,2011
972,3137165551,1990711990,2011
321,2129113643,2062878466,2011
296,2122165791,2062878466,2011
525,2306959162,2613435647,2011
135,1986397369,2613435647,2011
113,1940731031,2613435647,2011
142,1993334886,2062878466,2011
149,1997767565,2750644320,2011
211,2088125271,2750644320,2011
35,214342114,1881854520,2011
624,2547270484,2054901346,2011
449,2190080880,2049944762,2011
222,2097985379,3008770717,2011
454,2200780236,2049944762,2011
746,2653387564,2119945821,2011
3,28949107,3089362634,2011
179,2039382851,3089362634,2011
192,2055694948,3089362634,2011
220,2097746944,3089362634,2011
535,2322729755,3089362634,2011
746,2653387564,1766882528,2011
685,2602304884,1766882528,2011
750,2656172807,3089362634,2011
202,2067754752,3089362634,2011
698,2610063729,2609764586,2011
965,3089381092,3089362634,2011
222,2097985379,3089362634,2011
979,3176041188,3089362634,2011
467,2228628952,1766882528,2011
202,2067754752,3008770717,2011
582,2473694256,2609764586,2011
291,2120083236,1995591245,2011
242,2104250373,2330681858,2011
532,2314022016,1995591245,2011
295,2122065196,2110213069,2011
242,2104250373,2999037481,2011
773,2674308712,2040089115,2011
675,2598454787,2040089115,2011
69,696078785,1995591245,2011
265,2112180440,2110213069,2011
249,2106158877,2040089115,2011
40,234133296,1995591245,2011
116,1958349758,2040089115,2011
714,2619562151,2999037481,2011
938,2988845893,2988224507,2011
449,2190080880,2014887348,2012
93,1665081160,2184265879,2012
562,2413250202,1984493788,2012
778,2682829269,1984493788,2012
652,2568388388,2184265879,2012
439,2172106574,2014887348,2012
159,2011367120,2055197218,2012
303,2124595014,1512262279,2012
452,2194169123,2055197218,2012
425,2167842083,2014887348,2012
296,2122165791,2014396719,2012
14,78364912,2055197218,2012
20,115937147,2055197218,2012
144,1994945948,2014396719,2012
557,2398500202,2478444536,2012
142,1993334886,2014396719,2012
140,1989952256,1994543706,2012
229,2100410148,1994543706,2012
210,2086420469,1984493788,2012
800,2716947732,1981239453,2012
779,2683471948,964936750,2012
675,2598454787,2110234844,2012
249,2106158877,2110234844,2012
163,2018181532,2110234844,2012
802,2721466688,964936750,2012
189,2051318277,1030668652,2012
746,2653387564,964936750,2012
116,1958349758,2110234844,2012
187,2048822513,1512262279,2012
241,2104196809,1512262279,2012
781,2686288225,2579716123,2012
774,2678047392,2579716123,2012
757,2665414445,2579716123,2012
736,2638899983,2579716123,2012
420,2165243586,1984493788,2012
670,2594860465,2579716123,2012
680,2599381801,2137402828,2012
201,2062726692,2137402828,2012
134,1985899296,2132055944,2012
527,2308061128,2132055944,2012
624,2547270484,2132055944,2012
467,2228628952,964936750,2012
303,2124595014,964936750,2012
203,2070283337,964936750,2012
505,2279239303,2137402828,2012
927,2974029873,2611229285,2012
724,2628406640,964936750,2012
731,2633840986,964936750,2012
284,2117470622,2611229285,2012
187,2048822513,964936750,2012
44,258919189,964936750,2012
189,2051318277,2137402828,2012
699,2610086291,964936750,2012
218,2096558551,2579716123,2012
593,2488645776,1030668652,2012
458,2215529230,1963585919,2012
750,2656172807,1981239453,2012
577,2467132314,2614867683,2012
335,2135321256,1981239453,2012
465,2224156275,2614867683,2012
464,2223838025,2614867683,2012
396,2156330036,2614867683,2012
172,2031416694,2579716123,2012
772,2673845761,2613420689,2012
702,2612506608,2613420689,2012
366,2147026269,2614867683,2012
647,2565360867,2561697052,2013
870,2862705306,2617106281,2013
935,2981706141,2617106281,2013
978,3175333446,2561697052,2013
721,2625705683,2614624087,2013
643,2562691623,2561697052,2013
812,2732039665,2463919866,2013
813,2732238021,2463919866,2013
809,2727451325,2463919866,2013
93,1665081160,2463919866,2013
639,2561789806,2561697052,2013
673,2596394045,2617106281,2013
671,2596319982,2617106281,2013
490,2259117523,2610612395,2013
227,2100058920,2610612395,2013
514,2298275501,2617106281,2013
466,2224712804,2617106281,2013
638,2561011836,2561697052,2013
642,2562510097,2561697052,2013
728,2630878709,2474496352,2013
237,2103089191,64572808,2013
808,2725958114,2474496352,2013
600,2497492871,64572808,2013
35,214342114,1523814020,2013
14,78364912,2614624087,2013
449,2190080880,1523814020,2013
926,2973869594,1523814020,2013
159,2011367120,2614624087,2013
423,2166376958,2614624087,2013
624,2547270484,1489386544,2013
619,2520530416,1489386544,2013
443,2178793113,1489386544,2013
158,2009826892,1489386544,2013
134,1985899296,1489386544,2013
89,1600511895,1488354876,2013
452,2194169123,2612421865,2013
423,2166376958,2612421865,2013
159,2011367120,2612421865,2013
20,115937147,2612421865,2013
14,78364912,2612421865,2013
215,2095879130,127180787,2013
452,2194169123,2614624087,2013
1,10485675,2017595810,2013
270,2113514793,127180787,2013
647,2565360867,2624809311,2013
760,2669953156,2624809311,2013
807,2725738036,2474496352,2013
722,2626210664,2624809311,2013
18,103281186,2017595810,2013
310,2126555440,2081386529,2013
640,2561985030,2083562840,2013
654,2571434497,2083562840,2013
97,1758355683,2017595810,2013
204,2071273909,2017595810,2013
0,9522859,1993662889,2013
458,2215529230,2088128810,2013
375,2149893918,2017595810,2013
381,2152101392,2017595810,2013
184,2044224519,2088128810,2013
711,2617677652,1977931799,2013
568,2429241807,1977931799,2013
239,2104016227,2006332810,2013
498,2269238227,2025951333,2013
914,2965192458,2058033610,2013
462,2221739356,1993662889,2013
521,2305071707,2017595810,2013
458,2215529230,2025951333,2013
34,213821190,2201123404,2013
443,2178793113,2201123404,2013
896,2923954540,2201123404,2013
254,2108763070,2242081859,2013
624,2547270484,2012261924,2013
703,2613116796,2021013828,2013
76,1215097206,2083562840,2013
318,2128264287,2021013828,2013
100,1792399517,2021013828,2013
458,2215529230,2025088579,2013
37,220326450,2021013828,2013
134,1985899296,2012261924,2013
492,2259826572,2006332810,2013
323,2129418453,2025951333,2013
449,2190080880,1977931799,2013
551,2351327145,2000350026,2013
9,57944164,1993662889,2013
10,58797248,1981918578,2013
491,2259165646,2081386529,2013
378,2150796916,1993662889,2013
549,2346172827,1966913144,2013
217,2096118353,2081386529,2013
499,2271857753,2081386529,2013
352,2142607377,2000350026,2013
240,2104025012,2058033610,2013
118,1963678361,1966913144,2013
510,2293036291,2323568092,2013
121,1968264051,1993662889,2013
33,191607567,2000350026,2013
477,2248958375,2143803812,2013
62,457321888,2143803812,2013
13,77015719,2143803812,2013
198,2060750452,1993662889,2013
417,2163839280,2058033610,2013
622,2526355943,2323568092,2013
755,2663914283,2623259878,2014
231,2100700970,2073040867,2014
366,2147026269,2616032956,2014
261,2110710273,289024250,2014
76,1215097206,139819880,2014
751,2656417294,2623259878,2014
747,2655760005,2623259878,2014
466,2224712804,2623259878,2014
280,2115656422,2073040867,2014
279,2115322993,139819880,2014
203,2070283337,203750981,2014
789,2699283155,2623259878,2014
396,2156330036,2616032956,2014
156,2008112171,2073040867,2014
628,2550397512,2520474058,2014
922,2973275206,2187966039,2014
233,2100922132,2187966039,2014
52,322080919,2187966039,2014
9,57944164,1548052181,2014
198,2060750452,1548052181,2014
96,1744274639,2506671469,2014
591,2485427425,2506671469,2014
508,2289616964,1548052181,2014
465,2224156275,2616032956,2014
134,1985899296,2071943011,2014
624,2547270484,2071943011,2014
635,2557640955,2071943011,2014
577,2467132314,2616032956,2014
70,921508122,2073040867,2014
404,2159339470,2073040867,2014
254,2108763070,2520474058,2014
598,2494870149,2520474058,2014
626,2549346428,2520474058,2014
527,2308061128,2071943011,2014
406,2159884209,2073040867,2014
458,2215529230,2002326377,2014
93,1665081160,289024250,2014
464,2223838025,2073266098,2014
465,2224156275,2073266098,2014
468,2229351018,2073266098,2014
577,2467132314,2073266098,2014
14,78364912,203750981,2014
160,2013306538,203750981,2014
175,2036765705,203750981,2014
126,1978074488,2083978779,2014
521,2305071707,2164433454,2014
381,2152101392,2164433454,2014
375,2149893918,2164433454,2014
611,2510350164,2073266098,2014
831,2768556416,2073266098,2014
134,1985899296,2073553954,2014
769,2673391557,203750981,2014
423,2166376958,203750981,2014
296,2122165791,1494089855,2014
633,2554586560,2002326377,2014
396,2156330036,2073266098,2014
555,2371749746,11620612,2014
134,1985899296,2619491575,2014
443,2178793113,2619491575,2014
309,2126502065,2073266098,2014
366,2147026269,2073266098,2014
142,1993334886,1494089855,2014
144,1994945948,1494089855,2014
799,2715926839,2604258962,2014
178,2037167577,2034122708,2014
491,2259165646,2604258962,2014
208,2084544440,2604258962,2014
406,2159884209,2083978779,2014
404,2159339470,2083978779,2014
247,2105388100,1494089855,2014
753,2658137115,11620612,2014
234,2101317249,203750981,2014
342,2139092588,2083978779,2014
118,1963678361,2603037059,2014
586,2480249997,2498830422,2014
527,2308061128,2073553954,2014
511,2295775664,2603037059,2014
237,2103089191,2603037059,2014
129,1980088967,2083978779,2014
681,2600798976,2034122708,2014
527,2308061128,2619491575,2014
726,2629006096,2603037059,2014
211,2088125271,2498830422,2014
149,1997767565,2498830422,2014
770,2673408315,11620612,2014
488,2256500699,2498830422,2014
298,2122499929,2363167139,2014
709,2617531236,1943145621,2014
376,2149894387,46228059,2014
715,2619959442,2792011574,2014
454,2200780236,2060194233,2014
449,2190080880,2060194233,2014
393,2155869378,44792022,2014
35,214342114,2060194233,2014
227,2100058920,2478232644,2014
487,2255863163,2478232644,2014
788,2698277948,2478232644,2014
969,3131952132,2478232644,2014
172,2031416694,2481443256,2014
503,2276880987,2420937693,2014
843,2789802043,2792011574,2014
449,2190080880,46228059,2014
123,1970602546,2478232644,2014
99,1781286887,2485242307,2014
419,2164623436,44792022,2014
169,2029039913,1943145621,2014
775,2678207730,2420937693,2014
39,233065341,2460810395,2014
180,2040749310,2460810395,2014
390,2155673833,2460810395,2014
449,2190080880,2104491204,2014
23,141713694,2104491204,2014
250,2106635299,2314750943,2014
242,2104250373,44792022,2014
329,2132761591,2314750943,2014
609,2506358858,2314750943,2014
49,302384665,2123732030,2014
456,2205688124,2123732030,2014
88,1495832506,2471555426,2014
435,2170037780,2471555426,2014
810,2727897931,2471555426,2014
316,2128012898,2126102346,2014
520,2304616669,2126102346,2014
379,2151231674,2314750943,2014
171,2031222342,2485242307,2014
218,2096558551,2481443256,2014
588,2481404825,2486803970,2014
142,1993334886,2070629046,2014
166,2025929282,82961883,2014
555,2371749746,82961883,2014
144,1994945948,2070629046,2014
107,1866303360,2491640100,2014
108,1885498939,2491640100,2014
298,2122499929,1526108019,2014
296,2122165791,2070629046,2014
267,2112987790,1991013789,2014
753,2658137115,82961883,2014
593,2488645776,2493267635,2014
588,2481404825,2493267635,2014
927,2974029873,2493267635,2014
770,2673408315,82961883,2014
93,1665081160,2494015507,2014
599,2494925734,2494015507,2014
132,1982865720,1991013789,2014
402,2157951996,289024250,2014
540,2339470339,46228059,2014
735,2637607574,46228059,2014
552,2355871441,46228059,2014
602,2500267035,2485242307,2014
584,2477810638,2491425224,2014
610,2507455473,2491425224,2014
400,2156808385,1526108019,2014
823,2750202822,2486803970,2014
480,2251053384,46228059,2014
766,2672689835,1526108019,2014
547,2345352129,2491425224,2014
429,2169197491,1991013789,2014
286,2118188440,1991013789,2014
48,283419844,2070629046,2014
539,2339082150,46228059,2014
454,2200780236,2104491204,2014
454,2200780236,2087818213,2014
449,2190080880,2087818213,2014
116,1958349758,2491425224,2014
195,2059315651,2491425224,2014
212,2088870278,2491425224,2014
424,2167097393,2491425224,2014
364,2146095479,2088634259,2015
466,2224712804,2596319894,2015
435,2170037780,1948388880,2015
673,2596394045,2596319894,2015
671,2596319982,2596319894,2015
973,3160206134,2088634259,2015
336,2136334318,1960305390,2015
202,2067754752,1960305390,2015
429,2169197491,1868913336,2015
738,2643218825,1960305390,2015
415,2163563836,1960305390,2015
514,2298275501,2596319894,2015
271,2113585675,2596319894,2015
533,2316015265,2603277994,2015
132,1982865720,1868913336,2015
397,2156538771,1598189373,2015
739,2644482943,1598189373,2015
123,1970602546,2088634259,2015
533,2316015265,2604589322,2015
617,2516261647,2604589322,2015
494,2263784347,1768053975,2015
377,2150711493,1598189373,2015
531,2311452508,1681204869,2015
24,142840232,2130264783,2015
27,161593142,2130264783,2015
408,2160913042,2130264783,2015
672,2596335389,1681204869,2015
895,2918685289,2130264783,2015
491,2259165646,2130264783,2015
625,2548529863,1681204869,2015
349,2141086515,1598189373,2015
125,1973117605,1598189373,2015
14,78364912,2139716420,2015
563,2421043667,1855004143,2015
534,2318470944,1855004143,2015
107,1866303360,1855004143,2015
697,2610033688,1850865318,2015
497,2267672815,1850865318,2015
388,2154527256,1850865318,2015
17,92265852,1850865318,2015
683,2602005920,2114870377,2015
927,2974029873,2114870377,2015
546,2343772684,1768053975,2015
155,2006755980,2088634259,2015
253,2108261100,2603277994,2015
676,2598627276,2603277994,2015
756,2665196531,2603277994,2015
758,2667428746,2603277994,2015
870,2862705306,2596319894,2015
256,2109447746,2146861327,2015
231,2100700970,2182179159,2015
452,2194169123,2139716420,2015
571,2439284215,1992374654,2015
449,2190080880,1992374654,2015
179,2039382851,1539453954,2015
506,2281641410,2281491157,2015
122,1968338551,2281491157,2015
969,3131952132,2280951074,2015
123,1970602546,2280951074,2015
47,282289003,2019832249,2015
239,2104016227,2019832249,2015
396,2156330036,2292701398,2015
380,2151395211,2019832249,2015
222,2097985379,2254537410,2015
202,2067754752,2254537410,2015
242,2104250373,2500938939,2015
457,2214534520,2500938939,2015
714,2619562151,2500938939,2015
96,1744274639,2026585619,2015
406,2159884209,2182179159,2015
20,115937147,2139716420,2015
786,2696163300,2254537410,2015
280,2115656422,2182179159,2015
407,2160101598,2292701398,2015
771,2673696444,2466819814,2015
134,1985899296,2346206994,2015
527,2308061128,2346206994,2015
527,2308061128,2346206994,2015
611,2510350164,2313648816,2015
254,2108763070,2415840148,2015
560,2409928674,2415840148,2015
220,2097746944,1539453954,2015
750,2656172807,1539453954,2015
577,2467132314,2313648816,2015
468,2229351018,2313648816,2015
465,2224156275,2313648816,2015
464,2223838025,2313648816,2015
396,2156330036,2313648816,2015
391,2155781590,2466819814,2015
575,2463954166,2466819814,2015
576,2464557891,2466819814,2015
630,2551783969,2466819814,2015
764,2671699204,2466819814,2015
537,2334645084,2313648816,2015
252,2107471854,2088634259,2015
404,2159339470,2182179159,2015
70,921508122,2182179159,2015
156,2008112171,2182179159,2015
738,2643218825,1582760063,2015
271,2113585675,1592934328,2015
466,2224712804,1592934328,2015
495,2264004382,1592934328,2015
538,2336507378,1592934328,2015
558,2398899648,1592934328,2015
7,52377311,2057400552,2015
284,2117470622,2057400552,2015
336,2136334318,1582760063,2015
928,2974879553,2973694877,2015
316,2128012898,2146861327,2015
283,2116878756,2146861327,2015
747,2655760005,1592934328,2015
751,2656417294,1592934328,2015
755,2663914283,1592934328,2015
789,2699283155,1592934328,2015
870,2862705306,1592934328,2015
923,2973507702,2973694877,2015
594,2489275364,2057400552,2015
927,2974029873,2973694877,2015
202,2067754752,1582760063,2015
415,2163563836,1582760063,2015
401,2157221179,2165564781,2015
645,2563902413,2179373374,2015
600,2497492871,2179373374,2015
511,2295775664,2179373374,2015
266,2112897735,2179373374,2015
237,2103089191,2179373374,2015
927,2974029873,2176757006,2015
621,2525042970,2176757006,2015
333,2135110850,2165564781,2015
449,2190080880,2171932368,2015
449,2190080880,2169929017,2015
594,2489275364,2176757006,2015
27,161593142,1561924125,2015
592,2487650959,2165564781,2015
479,2250644932,1559142047,2015
277,2115200962,2168518512,2015
449,2190080880,2168518512,2015
701,2612489059,2165564781,2015
237,2103089191,2169557639,2015
437,2171459318,2169557639,2015
511,2295775664,2169557639,2015
408,2160913042,1561924125,2015
38,220836205,2169557639,2015
446,2182424100,2757624868,2016
483,2251778788,2757624868,2016
597,2494097312,2757624868,2016
824,2758735626,2757624868,2016
826,2759565882,2757624868,2016
196,2059445756,2332603197,2016
227,2100058920,2333034697,2016
237,2103089191,2333034697,2016
491,2259165646,2257928929,2016
263,2111541038,2257928929,2016
65,673695052,2257928929,2016
466,2224712804,2342928948,2016
271,2113585675,2342928948,2016
461,2218868319,2342560366,2016
43,254619665,2508821056,2016
208,2084544440,2508821056,2016
396,2156330036,2508821056,2016
465,2224156275,2508821056,2016
408,2160913042,2342560366,2016
569,2433195160,2257928929,2016
272,2113696294,2342560366,2016
665,2592385764,2333034697,2016
449,2190080880,2521181373,2016
88,1495832506,2527445224,2016
438,2171980115,2527445224,2016
549,2346172827,2527445224,2016
502,2275109369,2184133901,2016
246,2105216374,2184133901,2016
88,1495832506,2530052990,2016
607,2504485901,2530052990,2016
27,161593142,2342560366,2016
60,433290194,2530945751,2016
678,2598852867,2257928929,2016
449,2190080880,2264395416,2016
656,2579749444,2345120315,2016
636,2559017196,2345120315,2016
526,2307579553,2345120315,2016
478,2250282375,2345120315,2016
870,2862705306,2342928948,2016
789,2699283155,2342928948,2016
751,2656417294,2342928948,2016
747,2655760005,2342928948,2016
558,2398899648,2342928948,2016
259,2109937849,2345822618,2016
343,2139827609,2345822618,2016
790,2706197696,2257928929,2016
132,1982865720,2473112397,2016
458,2215529230,2474480744,2016
538,2336507378,2342928948,2016
495,2264004382,2342928948,2016
487,2255863163,2282553687,2016
444,2178969228,2282553687,2016
282,2115848934,2282553687,2016
287,2119104087,2279161477,2016
64,556079008,2279161477,2016
237,2103089191,2265668164,2016
655,2578640762,2264395416,2016
612,2511482876,2264395416,2016
429,2169197491,2473112397,2016
123,1970602546,2345812064,2016
227,2100058920,2345812064,2016
104,1839283322,2530945751,2016
468,2229351018,2595602256,2016
577,2467132314,2595602256,2016
637,2559401602,2595602256,2016
782,2687368519,2595602256,2016
1,10485675,2913602493,2016
271,2113585675,2597407697,2016
466,2224712804,2597407697,2016
514,2298275501,2597407697,2016
671,2596319982,2597407697,2016
673,2596394045,2597407697,2016
797,2715249141,2597407697,2016
465,2224156275,2595602256,2016
870,2862705306,2597407697,2016
298,2122499929,2604019613,2016
358,2144714344,2604019613,2016
887,2913121029,2913602493,2016
490,2259117523,2913602493,2016
479,2250644932,2131286378,2016
146,1996503892,2131286378,2016
466,2224712804,2610842563,2016
747,2655760005,2610842563,2016
751,2656417294,2610842563,2016
789,2699283155,2610842563,2016
227,2100058920,2913602493,2016
216,2096068520,2604019613,2016
396,2156330036,2595602256,2016
464,2223838025,2595602256,2016
651,2566892948,2567702812,2016
119,1966826163,2184133901,2016
620,2524745512,2530945751,2016
324,2129553444,2530945751,2016
74,1185511109,2567702812,2016
533,2316015265,2567702812,2016
616,2515600456,2567702812,2016
615,2515286958,2594946378,2016
898,2940882843,2567702812,2016
427,2168325799,2579220649,2016
243,2104315591,2184133901,2016
545,2342411640,2579220649,2016
712,2617706363,2579220649,2016
761,2670048181,2579220649,2016
179,2039382851,1566488843,2016
192,2055694948,1566488843,2016
535,2322729755,1566488843,2016
186,2046488343,2594946378,2016
456,2205688124,2594946378,2016
580,2472913432,2579220649,2016
822,2744538346,2530945751,2016
903,2947441062,2773245979,2017
350,2141780911,2773245979,2017
834,2771501964,2773245979,2017
687,2605421380,2773245979,2017
600,2497492871,2773245979,2017
511,2295775664,2773245979,2017
718,2623992549,2773245979,2017
833,2770809117,2912099590,2017
815,2736861225,2900141860,2017
850,2794506809,2794469300,2017
889,2913575684,2912099590,2017
237,2103089191,2773245979,2017
135,1986397369,3005132881,2017
948,3005485455,3005132881,2017
609,2506358858,2903874455,2017
20,115937147,2903874455,2017
14,78364912,2903874455,2017
789,2699283155,2900724396,2017
466,2224712804,2900724396,2017
414,2163377209,2912099590,2017
696,2609523969,2900141860,2017
325,2131281498,2900141860,2017
313,2127751959,2900141860,2017
268,2113407365,2900141860,2017
127,1978786987,2900141860,2017
855,2801554065,2801609597,2017
306,2125644646,2801609597,2017
850,2794506809,2801609597,2017
782,2687368519,2799885990,2017
577,2467132314,2799885990,2017
468,2229351018,2799885990,2017
465,2224156275,2799885990,2017
464,2223838025,2799885990,2017
396,2156330036,2799885990,2017
306,2125644646,2794469300,2017
528,2308302303,2794469300,2017
165,2022555931,2773245979,2017
72,1141066895,2759924772,2017
107,1866303360,2769307226,2017
550,2346353232,2594554475,2017
451,2193926391,2594554475,2017
118,1963678361,2770058181,2017
22,137592113,2594554475,2017
732,2635914277,2591803157,2017
439,2172106574,2591803157,2017
385,2152923199,2591803157,2017
816,2742635268,2743413911,2017
50,306357285,2591803157,2017
853,2798341729,2591800367,2017
814,2733595474,2591800367,2017
449,2190080880,2591800367,2017
579,2470080021,2589091680,2017
544,2342095080,2589091680,2017
543,2341832954,2589091680,2017
449,2190080880,2589091680,2017
819,2743041733,2743413911,2017
820,2743232117,2743413911,2017
821,2743874182,2743413911,2017
872,2893057807,2594554475,2017
10,58797248,2596015084,2017
200,2062575506,2596015084,2017
674,2596958264,2596015084,2017
789,2699283155,2743413911,2017
751,2656417294,2743413911,2017
747,2655760005,2743413911,2017
466,2224712804,2743413911,2017
875,2898339333,2676416267,2017
707,2616032003,2676416267,2017
370,2148956645,2676416267,2017
86,1462169271,2676416267,2017
801,2717704076,2622417294,2017
726,2629006096,2622417294,2017
817,2742681975,2743413911,2017
818,2742899329,2743413911,2017
561,2410874004,2622417294,2017
237,2103089191,2622417294,2017
700,2610491782,2611142747,2017
452,2194169123,2611142747,2017
136,1986898914,2611142747,2017
20,115937147,2611142747,2017
14,78364912,2611142747,2017
718,2623992549,2622417294,2017
870,2862705306,2743413911,2017
52,322080919,2591803157,2017
464,2223838025,2758301572,2017
479,2250644932,2476598416,2017
577,2467132314,2758301572,2017
468,2229351018,2758301572,2017
42,254529698,2265463515,2017
903,2947441062,2745942267,2017
396,2156330036,2758301572,2017
225,2099694981,2265463515,2017
324,2129553444,2265463515,2017
398,2156577215,2265463515,2017
429,2169197491,2313051690,2017
407,2160101598,2758301572,2017
267,2112987790,2313051690,2017
469,2229369897,2265463515,2017
132,1982865720,2313051690,2017
84,1428443484,2246193522,2017
62,457321888,2246193522,2017
825,2759444071,2759924772,2017
227,2100058920,2520845280,2017
165,2022555931,2745942267,2017
429,2169197491,2768909329,2017
416,2163676772,2768909329,2017
286,2118188440,2768909329,2017
237,2103089191,2745942267,2017
350,2141780911,2745942267,2017
511,2295775664,2745942267,2017
267,2112987790,2768909329,2017
13,77015719,2246193522,2017
132,1982865720,2768909329,2017
184,2044224519,2766120623,2017
487,2255863163,2520845280,2017
444,2178969228,2520845280,2017
600,2497492871,2745942267,2017
687,2605421380,2745942267,2017
718,2623992549,2745942267,2017
458,2215529230,2766120623,2017
146,1996503892,2476598416,2017
324,2129553444,2904671831,2018
225,2099694981,2904671831,2018
60,433290194,2904671831,2018
765,2672113070,2904671831,2018
822,2744538346,2904671831,2018
429,2169197491,2540534248,2018
450,2193417848,3095615027,2018
880,2904375468,2904289963,2018
237,2103089191,2904289963,2018
157,2008323596,2904289963,2018
864,2807035266,2904671831,2018
42,254529698,2904671831,2018
352,2142607377,2904671831,2018
663,2588679037,2607183653,2018
449,2190080880,2905169108,2018
49,302384665,2567654853,2018
224,2099333230,2567654853,2018
456,2205688124,2567654853,2018
191,2054195843,2540534248,2018
132,1982865720,2540534248,2018
527,2308061128,2521550948,2018
443,2178793113,2521550948,2018
971,3134074925,2941237309,2018
899,2941656151,2941237309,2018
873,2893879365,2941237309,2018
439,2172106574,2905169108,2018
897,2931010021,2914457715,2018
885,2912796691,2914457715,2018
884,2912081267,2914457715,2018
842,2788879013,2914457715,2018
841,2788516154,2914457715,2018
89,1600511895,2607183653,2018
370,2148956645,3095615027,2018
442,2172259524,3095615027,2018
877,2898952033,2905169108,2018
543,2341832954,2905169108,2018
480,2251053384,2905169108,2018
300,2123940098,2925814614,2018
876,2898382885,2898380447,2018
67,689186489,2925814614,2018
458,2215529230,2898380447,2018
865,2807445041,2806537132,2018
28,165931236,2808363228,2018
73,1146000805,2808363228,2018
127,1978786987,2808363228,2018
522,2305329920,2803744012,2018
472,2236804240,2803744012,2018
371,2149324068,2808363228,2018
515,2299741127,2808363228,2018
142,1993334886,2811397177,2018
409,2161245207,2803744012,2018
373,2149746194,2803744012,2018
315,2127855283,2803744012,2018
152,2000239414,2803744012,2018
130,1982059310,2803744012,2018
883,2910733342,2801034064,2018
449,2190080880,2801034064,2018
3,28949107,2800748232,2018
854,2800444577,2800280282,2018
385,2152923199,2800280282,2018
663,2588679037,2797490914,2018
859,2806073947,2806537132,2018
94,1708224980,2804857049,2018
693,2607604918,2806537132,2018
678,2598852867,2805103340,2018
482,2251261744,2805103340,2018
860,2806154081,2805103340,2018
861,2806538720,2805103340,2018
498,2269238227,2898380447,2018
863,2806973081,2805103340,2018
866,2807602098,2805103340,2018
33,191607567,2806102127,2018
491,2259165646,2805103340,2018
264,2111735046,2805103340,2018
263,2111541038,2805103340,2018
856,2804970737,2804857049,2018
225,2099694981,2806102127,2018
512,2295978737,2806102127,2018
765,2672113070,2806102127,2018
864,2807035266,2806102127,2018
352,2142607377,2806102127,2018
815,2736861225,2804857049,2018
89,1600511895,2806165599,2018
862,2806805100,2806165599,2018
331,2133810797,2806537132,2018
857,2805109863,2806537132,2018
91,1649882646,2797202588,2018
124,1971054660,2808363228,2018
851,2796930839,2797202588,2018
472,2236804240,2791517481,2018
130,1982059310,2791517481,2018
835,2772845361,2790191523,2018
115,1955695787,2893724469,2018
331,2133810797,2790191523,2018
322,2129294447,2790191523,2018
31,172313633,2891412195,2018
114,1948158432,2891412195,2018
341,2138260540,2891412195,2018
184,2044224519,2898380447,2018
347,2140857305,2893724469,2018
852,2797730390,2797202588,2018
228,2100300577,2893724469,2018
473,2236886623,2891412195,2018
658,2582810462,2891412195,2018
370,2148956645,2777877930,2018
25,145564527,2777877930,2018
829,2765801034,2891412195,2018
8,56787795,2893724469,2018
91,1649882646,2893724469,2018
933,2980058262,2893724469,2018
452,2194169123,2883837031,2018
518,2304058699,2790191523,2018
409,2161245207,2793277512,2018
822,2744538346,2797202588,2018
844,2791007099,2791517481,2018
14,78364912,2883837031,2018
691,2606532558,2791517481,2018
20,115937147,2883837031,2018
717,2623009120,2793277512,2018
679,2598864314,2793277512,2018
323,2129418453,2898380447,2018
574,2462176245,2811397177,2018
846,2791682826,2791517481,2018
130,1982059310,2793277512,2018
559,2400331866,2811397177,2018
845,2791045196,2791517481,2018
296,2122165791,2811397177,2018
68,694564929,2963333241,2019
40,234133296,3123114065,2019
874,2897235078,2966886821,2019
285,2118046191,2963214153,2019
904,2955455167,2972993385,2019
15,78915436,2972993385,2019
905,2958875636,2962228007,2019
920,2972829356,2972993385,2019
628,2550397512,2973409260,2019
660,2584752546,2962228007,2019
468,2229351018,2972993385,2019
628,2550397512,2966886821,2019
598,2494870149,2966886821,2019
254,2108763070,2966886821,2019
98,1767926371,2963333241,2019
907,2962971177,2963333241,2019
908,2963128075,2963333241,2019
894,2917335776,2963214153,2019
892,2916276443,2963214153,2019
831,2768556416,2963214153,2019
637,2559401602,2963214153,2019
909,2963214449,2963333241,2019
910,2963310058,2963333241,2019
911,2963817270,2963333241,2019
577,2467132314,2963214153,2019
486,2254228191,2963214153,2019
413,2162820826,2963214153,2019
912,2963876442,2963333241,2019
913,2964306639,2963333241,2019
626,2549346428,2966886821,2019
968,3121258550,3123114065,2019
77,1217708737,2979720927,2019
874,2897235078,2973409260,2019
174,2036105666,2962228007,2019
360,2145006050,2985557621,2019
474,2240805226,2985557621,2019
893,2916630454,2985557621,2019
67,689186489,2990804149,2019
840,2783239021,2990804149,2019
32,181942829,2995586115,2019
941,2995339709,2995586115,2019
942,2995466793,2995586115,2019
943,2996441231,2995586115,2019
944,2996627837,2995586115,2019
945,2996702462,2995586115,2019
929,2976639276,3026271686,2019
109,1899887867,3026271686,2019
107,1866303360,2794000882,2019
258,2109568419,2985557621,2019
122,1968338551,2985557621,2019
934,2980238526,2979720927,2019
932,2979977006,2979720927,2019
441,2172195012,3123114065,2019
103,1829742341,3123114065,2019
3,28949107,2978726897,2019
879,2904146667,2978726897,2019
930,2977757282,2978726897,2019
11,66115545,2979720927,2019
66,681344109,2979720927,2019
917,2970349633,3123114065,2019
161,2014009865,2979720927,2019
339,2136913079,2979720927,2019
361,2145122809,2979720927,2019
414,2163377209,2979720927,2019
500,2273052812,2979720927,2019
530,2310214711,2979720927,2019
686,2604625488,2979720927,2019
931,2979434966,2979720927,2019
248,2105878263,2979720927,2019
139,1989315940,2962228007,2019
396,2156330036,2972993385,2019
629,2551496655,2961606547,2019
403,2158122252,2909214061,2019
410,2161562719,2909822325,2019
474,2240805226,2909822325,2019
587,2481301418,2909822325,2019
882,2908720462,2909822325,2019
63,462794610,2909839358,2019
75,1209151651,2909839358,2019
80,1244449816,2909839358,2019
555,2371749746,2909839358,2019
746,2653387564,2910734430,2019
227,2100058920,2910734430,2019
76,1215097206,2909214061,2019
111,1930904789,2910940154,2019
733,2636397132,2910940154,2019
960,3088056203,2910940154,2019
618,2517372011,2911678303,2019
768,2672756591,2911678303,2019
837,2777001279,2911678303,2019
886,2912992064,2911678303,2019
891,2914493028,2911678303,2019
133,1983617293,2911751579,2019
164,2019688628,2911751579,2019
330,2133122066,2911751579,2019
359,2144772734,2910940154,2019
871,2891198354,2908795523,2019
496,2264022735,2908795523,2019
463,2222041205,2908795523,2019
682,2601410985,2710790296,2019
81,1252368773,2710790296,2019
46,266880338,2710790296,2019
536,2328115742,2891964113,2019
107,1866303360,2891964113,2019
138,1988634141,2902501519,2019
147,1997138835,2902501519,2019
708,2616759106,2885572386,2019
362,2145530910,2885572386,2019
299,2122511687,2885572386,2019
297,2122262560,2885572386,2019
79,1238661308,2885572386,2019
19,113207831,2885572386,2019
124,1971054660,2907511551,2019
127,1978786987,2907511551,2019
325,2131281498,2907511551,2019
355,2144021388,2907511551,2019
130,1982059310,2908155703,2019
472,2236804240,2908155703,2019
522,2305329920,2908155703,2019
691,2606532558,2908155703,2019
862,2806805100,2961606547,2019
881,2907868282,2908155703,2019
130,1982059310,2908795523,2019
302,2124484104,2908795523,2019
116,1958349758,2913638099,2019
213,2091100358,2913638099,2019
869,2861654805,2908155703,2019
543,2341832954,2936689460,2019
202,2067754752,2918030250,2019
715,2619959442,2918030250,2019
105,1858413244,2921750407,2019
196,2059445756,2921750407,2019
110,1914484253,2944539128,2019
464,2223838025,2942664047,2019
127,1978786987,2949508563,2019
632,2553295380,2921750407,2019
439,2172106574,2936689460,2019
449,2190080880,2936689460,2019
480,2251053384,2936689460,2019
877,2898952033,2936689460,2019
396,2156330036,2942664047,2019
468,2229351018,2942664047,2019
669,2594552066,2944828231,2019
330,2133122066,2944828231,2019
145,1995353821,2944828231,2019
901,2944378138,2944539128,2019
900,2944027040,2944539128,2019
519,2304282372,2944539128,2019
410,2161562719,2916292611,2019
306,2125644646,2960918349,2019
577,2467132314,2942664047,2019
835,2772845361,2914638226,2019
75,1209151651,2916292611,2019
858,2805236876,2914638226,2019
867,2807691160,2914638226,2019
890,2913940002,2914638226,2019
236,2102672675,2915132434,2019
430,2169233636,2914638226,2019
606,2504335437,2914638226,2019
322,2129294447,2914638226,2019
392,2155798097,2915132434,2019
331,2133810797,2914638226,2019
847,2792070638,2915132434,2019
4,35950822,2914638226,2019
557,2398500202,2913638099,2019
230,2100635818,2913638099,2019
89,1600511895,2961606547,2019
906,2960884329,2960918349,2019
860,2806154081,2960918349,2019
850,2794506809,2960918349,2019
868,2848971678,2915132434,2019
61,436367620,2914638226,2019
518,2304058699,2914638226,2019
952,3027098946,3175694603,2020
964,3089071465,3088810243,2020
557,2398500202,3088810243,2020
963,3088773166,3088810243,2020
962,3088679907,3088810243,2020
232,2100887571,3046062913,2020
959,3088044357,3088810243,2020
513,2297387248,3088810243,2020
828,2765401259,3076849144,2020
220,2097746944,3076849144,2020
141,1990913831,3076849144,2020
3,28949107,3076849144,2020
791,2706405246,3067297376,2020
762,2670058981,3067297376,2020
879,2904146667,3046062913,2020
220,2097746944,3046062913,2020
337,2136700333,3046062913,2020
961,3088550506,3088810243,2020
828,2765401259,3046062913,2020
316,2128012898,2984166015,2020
386,2153767116,3091513613,2020
951,3026529344,3175694603,2020
967,3118073725,3113583979,2020
952,3027098946,3113583979,2020
951,3026529344,3113583979,2020
950,3026150111,3113583979,2020
902,2946749705,3113583979,2020
613,2512069233,3113583979,2020
860,2806154081,2944842900,2020
306,2125644646,2944842900,2020
877,2898952033,3094967305,2020
141,1990913831,3046062913,2020
836,2775610526,3094967305,2020
543,2341832954,3094967305,2020
449,2190080880,3094967305,2020
827,2765142165,3094064027,2020
474,2240805226,3094064027,2020
328,2132706809,3094064027,2020
316,2128012898,3094064027,2020
281,2115813021,2944842900,2020
141,1990913831,3091513613,2020
3,28949107,3046062913,2020
493,2262839552,3044647846,2020
93,1665081160,3035379359,2020
423,2166376958,3034953519,2020
159,2011367120,3034953519,2020
20,115937147,3034953519,2020
14,78364912,3034953519,2020
423,2166376958,3028203094,2020
20,115937147,3028203094,2020
14,78364912,3028203094,2020
872,2893057807,2940954969,2020
550,2346353232,2940954969,2020
451,2193926391,2940954969,2020
22,137592113,2940954969,2020
452,2194169123,3034953519,2020
459,2215692108,3012805127,2020
143,1994882702,3012805127,2020
59,403251530,3012805127,2020
839,2782310129,3009748544,2020
745,2652518764,3009748544,2020
173,2032096512,3009748544,2020
148,1997556072,3009748544,2020
974,3165561677,2999678367,2020
947,2999222845,2999678367,2020
946,2998285453,2997461858,2020
836,2775610526,2997461858,2020
480,2251053384,2997461858,2020
449,2190080880,2997461858,2020
439,2172106574,2997461858,2020
387,2153904071,3012805127,2020
146,1996503892,3035379359,2020
977,3174580622,3175694603,2020
956,3042157950,3041924579,2020
449,2190080880,3044674785,2020
439,2172106574,3044674785,2020
830,2766458955,3044647846,2020
520,2304616669,3044647846,2020
520,2304616669,2984166015,2020
410,2161562719,3044647846,2020
172,2031416694,3035379359,2020
955,3041781355,3041924579,2020
954,3041655148,3041924579,2020
953,3041431814,3041924579,2020
480,2251053384,3044674785,2020
586,2480249997,3041924579,2020
957,3044103672,3044674785,2020
15,78915436,3045582647,2020
822,2744538346,3045582647,2020
91,1649882646,3045582647,2020
652,2568388388,3035379359,2020
479,2250644932,3035379359,2020
218,2096558551,3035379359,2020
838,2780778578,3041924579,2020
836,2775610526,3044674785,2020
107,1866303360,3138693050,2021
832,2768594899,3138693050,2021
613,2512069233,3046026037,2021
951,3026529344,3046026037,2021
573,2460414593,3037625790,2021
316,2128012898,3088848506,2021
410,2161562719,3088848506,2021
716,2620654073,3088848506,2021
827,2765142165,3088848506,2021
46,266880338,3037625790,2021
754,2659928349,3037625790,2021
952,3027098946,3046026037,2021
